{"N":2048,"V0":2,"animation duration":4,"dt":0.004017652165832656,"extent":47.243153115644255,"extentN":-141.72945934693277,"extentP":160.62672059319047,"fps":30,"imaginary time evolution":false,"initial offset":-15,"mode":"two tunnel+-","name":"Q0","path save":"../gifs/","save animation":true,"sigma":1.3228082872380391,"store steps":200,"total time":62.01206000277318,"v0":40,"x0":0,"x1":3,"x2":12}